country,continent,population,life expectancy,gdp per capita
Afghanistan,Asia,31889923.0,43.828,974.5803384
Albania,Europe,3600523.0,76.423,5937.029526
Algeria,Africa,33333216.0,72.301,6223.367465
Angola,Africa,12420476.0,42.731,4797.231267
Argentina,Americas,40301927.0,75.32,12779.37964
Australia,Oceania,20434176.0,81.235,34435.36744
Austria,Europe,8199783.0,79.829,36126.4927
Bahrain,Asia,708573.0,75.635,29796.04834